ProjectName;FolderIndex;FolderName;FileIndex;FileName;PageCount;FileStatus;CountPagesIdentifiedInFile;PageIndex;ProfileName
"Samples";0;"Moffat";0;"Absa01\0db592e4.pdf";2;"OcrProcessed";1;0;"Absa Current Account Statement"
"Samples";0;"Moffat";0;"Absa01\0db592e4.pdf";2;"OcrProcessed";1;1;""
"Samples";0;"Moffat";1;"Absa02\059d8fa3.pdf";6;"OcrProcessed";5;0;"Absa Current Account Statement"
"Samples";0;"Moffat";1;"Absa02\059d8fa3.pdf";6;"OcrProcessed";5;1;"Absa Current Account Statement"
"Samples";0;"Moffat";1;"Absa02\059d8fa3.pdf";6;"OcrProcessed";5;2;"Absa Current Account Statement"
"Samples";0;"Moffat";1;"Absa02\059d8fa3.pdf";6;"OcrProcessed";5;3;"Absa Current Account Statement"
"Samples";0;"Moffat";1;"Absa02\059d8fa3.pdf";6;"OcrProcessed";5;4;"Absa Current Account Statement"
"Samples";0;"Moffat";1;"Absa02\059d8fa3.pdf";6;"OcrProcessed";5;5;""
"Samples";0;"Moffat";2;"Absa03\084f9dd1.pdf";6;"OcrProcessed";6;0;"Absa Current Account Statement"
"Samples";0;"Moffat";2;"Absa03\084f9dd1.pdf";6;"OcrProcessed";6;1;"Absa Current Account Statement"
"Samples";0;"Moffat";2;"Absa03\084f9dd1.pdf";6;"OcrProcessed";6;2;"Absa Current Account Statement"
"Samples";0;"Moffat";2;"Absa03\084f9dd1.pdf";6;"OcrProcessed";6;3;"Absa Current Account Statement"
"Samples";0;"Moffat";2;"Absa03\084f9dd1.pdf";6;"OcrProcessed";6;4;"Absa Current Account Statement"
"Samples";0;"Moffat";2;"Absa03\084f9dd1.pdf";6;"OcrProcessed";6;5;"Absa Current Account Statement"
"Samples";0;"Moffat";3;"Absa05\1c528077.pdf";4;"OcrProcessed";3;0;"Absa Current Account Statement"
"Samples";0;"Moffat";3;"Absa05\1c528077.pdf";4;"OcrProcessed";3;1;"Absa Current Account Statement"
"Samples";0;"Moffat";3;"Absa05\1c528077.pdf";4;"OcrProcessed";3;2;"Absa Current Account Statement"
"Samples";0;"Moffat";3;"Absa05\1c528077.pdf";4;"OcrProcessed";3;3;""
"Samples";0;"Moffat";4;"Absa06\45d65d4e.pdf";6;"OcrProcessed";5;0;"Absa Current Account Statement"
"Samples";0;"Moffat";4;"Absa06\45d65d4e.pdf";6;"OcrProcessed";5;1;"Absa Current Account Statement"
"Samples";0;"Moffat";4;"Absa06\45d65d4e.pdf";6;"OcrProcessed";5;2;"Absa Current Account Statement"
"Samples";0;"Moffat";4;"Absa06\45d65d4e.pdf";6;"OcrProcessed";5;3;"Absa Current Account Statement"
"Samples";0;"Moffat";4;"Absa06\45d65d4e.pdf";6;"OcrProcessed";5;4;"Absa Current Account Statement"
"Samples";0;"Moffat";4;"Absa06\45d65d4e.pdf";6;"OcrProcessed";5;5;""
"Samples";0;"Moffat";5;"Absa07\0beccdd3.pdf";4;"OcrProcessed";3;0;"Absa Current Account Statement"
"Samples";0;"Moffat";5;"Absa07\0beccdd3.pdf";4;"OcrProcessed";3;1;"Absa Current Account Statement"
"Samples";0;"Moffat";5;"Absa07\0beccdd3.pdf";4;"OcrProcessed";3;2;"Absa Current Account Statement"
"Samples";0;"Moffat";5;"Absa07\0beccdd3.pdf";4;"OcrProcessed";3;3;""
"Samples";0;"Moffat";6;"Absa08\1f8aee50.pdf";4;"OcrProcessed";4;0;"Absa Current Account Statement"
"Samples";0;"Moffat";6;"Absa08\1f8aee50.pdf";4;"OcrProcessed";4;1;"Absa Current Account Statement"
"Samples";0;"Moffat";6;"Absa08\1f8aee50.pdf";4;"OcrProcessed";4;2;"Absa Current Account Statement"
"Samples";0;"Moffat";6;"Absa08\1f8aee50.pdf";4;"OcrProcessed";4;3;"Absa Current Account Statement"
"Samples";0;"Moffat";7;"Absa09\cde9ad27.pdf";8;"OcrProcessed";8;0;"Absa Current Account Statement"
"Samples";0;"Moffat";7;"Absa09\cde9ad27.pdf";8;"OcrProcessed";8;1;"Absa Current Account Statement"
"Samples";0;"Moffat";7;"Absa09\cde9ad27.pdf";8;"OcrProcessed";8;2;"Absa Current Account Statement"
"Samples";0;"Moffat";7;"Absa09\cde9ad27.pdf";8;"OcrProcessed";8;3;"Absa Current Account Statement"
"Samples";0;"Moffat";7;"Absa09\cde9ad27.pdf";8;"OcrProcessed";8;4;"Absa Current Account Statement"
"Samples";0;"Moffat";7;"Absa09\cde9ad27.pdf";8;"OcrProcessed";8;5;"Absa Current Account Statement"
"Samples";0;"Moffat";7;"Absa09\cde9ad27.pdf";8;"OcrProcessed";8;6;"Absa Current Account Statement"
"Samples";0;"Moffat";7;"Absa09\cde9ad27.pdf";8;"OcrProcessed";8;7;"Absa Current Account Statement"
"Samples";0;"Moffat";8;"Absa10\0feccc4e.pdf";6;"OcrProcessed";6;0;"Absa Current Account Statement"
"Samples";0;"Moffat";8;"Absa10\0feccc4e.pdf";6;"OcrProcessed";6;1;"Absa Current Account Statement"
"Samples";0;"Moffat";8;"Absa10\0feccc4e.pdf";6;"OcrProcessed";6;2;"Absa Current Account Statement"
"Samples";0;"Moffat";8;"Absa10\0feccc4e.pdf";6;"OcrProcessed";6;3;"Absa Current Account Statement"
"Samples";0;"Moffat";8;"Absa10\0feccc4e.pdf";6;"OcrProcessed";6;4;"Absa Current Account Statement"
"Samples";0;"Moffat";8;"Absa10\0feccc4e.pdf";6;"OcrProcessed";6;5;"Absa Current Account Statement"
"Samples";0;"Moffat";9;"Absa11\3dd9f215.pdf";8;"OcrProcessed";7;0;"Absa Current Account Statement"
"Samples";0;"Moffat";9;"Absa11\3dd9f215.pdf";8;"OcrProcessed";7;1;"Absa Current Account Statement"
"Samples";0;"Moffat";9;"Absa11\3dd9f215.pdf";8;"OcrProcessed";7;2;"Absa Current Account Statement"
"Samples";0;"Moffat";9;"Absa11\3dd9f215.pdf";8;"OcrProcessed";7;3;"Absa Current Account Statement"
"Samples";0;"Moffat";9;"Absa11\3dd9f215.pdf";8;"OcrProcessed";7;4;"Absa Current Account Statement"
"Samples";0;"Moffat";9;"Absa11\3dd9f215.pdf";8;"OcrProcessed";7;5;"Absa Current Account Statement"
"Samples";0;"Moffat";9;"Absa11\3dd9f215.pdf";8;"OcrProcessed";7;6;"Absa Current Account Statement"
"Samples";0;"Moffat";9;"Absa11\3dd9f215.pdf";8;"OcrProcessed";7;7;""
"Samples";0;"Moffat";10;"Absa12\0aba87e0.pdf";8;"OcrProcessed";7;0;"Absa Current Account Statement"
"Samples";0;"Moffat";10;"Absa12\0aba87e0.pdf";8;"OcrProcessed";7;1;"Absa Current Account Statement"
"Samples";0;"Moffat";10;"Absa12\0aba87e0.pdf";8;"OcrProcessed";7;2;"Absa Current Account Statement"
"Samples";0;"Moffat";10;"Absa12\0aba87e0.pdf";8;"OcrProcessed";7;3;"Absa Current Account Statement"
"Samples";0;"Moffat";10;"Absa12\0aba87e0.pdf";8;"OcrProcessed";7;4;"Absa Current Account Statement"
"Samples";0;"Moffat";10;"Absa12\0aba87e0.pdf";8;"OcrProcessed";7;5;"Absa Current Account Statement"
"Samples";0;"Moffat";10;"Absa12\0aba87e0.pdf";8;"OcrProcessed";7;6;"Absa Current Account Statement"
"Samples";0;"Moffat";10;"Absa12\0aba87e0.pdf";8;"OcrProcessed";7;7;""
"Samples";0;"Moffat";11;"Consent\00a9d205.pdf";1;"Consent";1;0;"Consent"
"Samples";0;"Moffat";12;"Payslip03\4a8cae4f.pdf";1;"OcrProcessed";0;0;""
"Samples";0;"Moffat";13;"Payslip04\016b7949.pdf";1;"OcrProcessed";0;0;""
"Samples";0;"Moffat";14;"Payslip05\a5ffb32c.pdf";1;"OcrProcessed";0;0;""
"Samples";1;"Thando";0;"Capitec01\162117579.pdf";5;"OcrProcessed";5;0;"Capitec Statement"
"Samples";1;"Thando";0;"Capitec01\162117579.pdf";5;"OcrProcessed";5;1;"Capitec Statement"
"Samples";1;"Thando";0;"Capitec01\162117579.pdf";5;"OcrProcessed";5;2;"Capitec Statement"
"Samples";1;"Thando";0;"Capitec01\162117579.pdf";5;"OcrProcessed";5;3;"Capitec Statement"
"Samples";1;"Thando";0;"Capitec01\162117579.pdf";5;"OcrProcessed";5;4;"Capitec Statement"
"Samples";1;"Thando";1;"Capitec02\bd904459.pdf";5;"OcrProcessed";5;0;"Capitec Statement"
"Samples";1;"Thando";1;"Capitec02\bd904459.pdf";5;"OcrProcessed";5;1;"Capitec Statement"
"Samples";1;"Thando";1;"Capitec02\bd904459.pdf";5;"OcrProcessed";5;2;"Capitec Statement"
"Samples";1;"Thando";1;"Capitec02\bd904459.pdf";5;"OcrProcessed";5;3;"Capitec Statement"
"Samples";1;"Thando";1;"Capitec02\bd904459.pdf";5;"OcrProcessed";5;4;"Capitec Statement"
"Samples";1;"Thando";2;"Certificate1\53c7ec5a.pdf";1;"OcrProcessed";0;0;""
"Samples";1;"Thando";3;"Certificate2\429f1d63.pdf";1;"OcrProcessed";0;0;""
"Samples";1;"Thando";4;"Nedbank1\3b3691c2.pdf";33;"OcrProcessed";0;0;""
"Samples";1;"Thando";4;"Nedbank1\3b3691c2.pdf";33;"OcrProcessed";0;1;""
"Samples";1;"Thando";4;"Nedbank1\3b3691c2.pdf";33;"OcrProcessed";0;2;""
"Samples";1;"Thando";4;"Nedbank1\3b3691c2.pdf";33;"OcrProcessed";0;3;""
"Samples";1;"Thando";4;"Nedbank1\3b3691c2.pdf";33;"OcrProcessed";0;4;""
"Samples";1;"Thando";4;"Nedbank1\3b3691c2.pdf";33;"OcrProcessed";0;5;""
"Samples";1;"Thando";4;"Nedbank1\3b3691c2.pdf";33;"OcrProcessed";0;6;""
"Samples";1;"Thando";4;"Nedbank1\3b3691c2.pdf";33;"OcrProcessed";0;7;""
"Samples";1;"Thando";4;"Nedbank1\3b3691c2.pdf";33;"OcrProcessed";0;8;""
"Samples";1;"Thando";4;"Nedbank1\3b3691c2.pdf";33;"OcrProcessed";0;9;""
"Samples";1;"Thando";4;"Nedbank1\3b3691c2.pdf";33;"OcrProcessed";0;10;""
"Samples";1;"Thando";4;"Nedbank1\3b3691c2.pdf";33;"OcrProcessed";0;11;""
"Samples";1;"Thando";4;"Nedbank1\3b3691c2.pdf";33;"OcrProcessed";0;12;""
"Samples";1;"Thando";4;"Nedbank1\3b3691c2.pdf";33;"OcrProcessed";0;13;""
"Samples";1;"Thando";4;"Nedbank1\3b3691c2.pdf";33;"OcrProcessed";0;14;""
"Samples";1;"Thando";4;"Nedbank1\3b3691c2.pdf";33;"OcrProcessed";0;15;""
"Samples";1;"Thando";4;"Nedbank1\3b3691c2.pdf";33;"OcrProcessed";0;16;""
"Samples";1;"Thando";4;"Nedbank1\3b3691c2.pdf";33;"OcrProcessed";0;17;""
"Samples";1;"Thando";4;"Nedbank1\3b3691c2.pdf";33;"OcrProcessed";0;18;""
"Samples";1;"Thando";4;"Nedbank1\3b3691c2.pdf";33;"OcrProcessed";0;19;""
"Samples";1;"Thando";4;"Nedbank1\3b3691c2.pdf";33;"OcrProcessed";0;20;""
"Samples";1;"Thando";4;"Nedbank1\3b3691c2.pdf";33;"OcrProcessed";0;21;""
"Samples";1;"Thando";4;"Nedbank1\3b3691c2.pdf";33;"OcrProcessed";0;22;""
"Samples";1;"Thando";4;"Nedbank1\3b3691c2.pdf";33;"OcrProcessed";0;23;""
"Samples";1;"Thando";4;"Nedbank1\3b3691c2.pdf";33;"OcrProcessed";0;24;""
"Samples";1;"Thando";4;"Nedbank1\3b3691c2.pdf";33;"OcrProcessed";0;25;""
"Samples";1;"Thando";4;"Nedbank1\3b3691c2.pdf";33;"OcrProcessed";0;26;""
"Samples";1;"Thando";4;"Nedbank1\3b3691c2.pdf";33;"OcrProcessed";0;27;""
"Samples";1;"Thando";4;"Nedbank1\3b3691c2.pdf";33;"OcrProcessed";0;28;""
"Samples";1;"Thando";4;"Nedbank1\3b3691c2.pdf";33;"OcrProcessed";0;29;""
"Samples";1;"Thando";4;"Nedbank1\3b3691c2.pdf";33;"OcrProcessed";0;30;""
"Samples";1;"Thando";4;"Nedbank1\3b3691c2.pdf";33;"OcrProcessed";0;31;""
"Samples";1;"Thando";4;"Nedbank1\3b3691c2.pdf";33;"OcrProcessed";0;32;""
"Samples";1;"Thando";5;"Nedbank2\ad14d19b.pdf";43;"OcrProcessed";43;0;"Nedbank Current Account Statement"
"Samples";1;"Thando";5;"Nedbank2\ad14d19b.pdf";43;"OcrProcessed";43;1;"Nedbank Current Account Statement"
"Samples";1;"Thando";5;"Nedbank2\ad14d19b.pdf";43;"OcrProcessed";43;2;"Nedbank Current Account Statement"
"Samples";1;"Thando";5;"Nedbank2\ad14d19b.pdf";43;"OcrProcessed";43;3;"Nedbank Current Account Statement"
"Samples";1;"Thando";5;"Nedbank2\ad14d19b.pdf";43;"OcrProcessed";43;4;"Nedbank Current Account Statement"
"Samples";1;"Thando";5;"Nedbank2\ad14d19b.pdf";43;"OcrProcessed";43;5;"Nedbank Current Account Statement"
"Samples";1;"Thando";5;"Nedbank2\ad14d19b.pdf";43;"OcrProcessed";43;6;"Nedbank Current Account Statement"
"Samples";1;"Thando";5;"Nedbank2\ad14d19b.pdf";43;"OcrProcessed";43;7;"Nedbank Current Account Statement"
"Samples";1;"Thando";5;"Nedbank2\ad14d19b.pdf";43;"OcrProcessed";43;8;"Nedbank Current Account Statement"
"Samples";1;"Thando";5;"Nedbank2\ad14d19b.pdf";43;"OcrProcessed";43;9;"Nedbank Current Account Statement"
"Samples";1;"Thando";5;"Nedbank2\ad14d19b.pdf";43;"OcrProcessed";43;10;"Nedbank Current Account Statement"
"Samples";1;"Thando";5;"Nedbank2\ad14d19b.pdf";43;"OcrProcessed";43;11;"Nedbank Current Account Statement"
"Samples";1;"Thando";5;"Nedbank2\ad14d19b.pdf";43;"OcrProcessed";43;12;"Nedbank Current Account Statement"
"Samples";1;"Thando";5;"Nedbank2\ad14d19b.pdf";43;"OcrProcessed";43;13;"Nedbank Current Account Statement"
"Samples";1;"Thando";5;"Nedbank2\ad14d19b.pdf";43;"OcrProcessed";43;14;"Nedbank Current Account Statement"
"Samples";1;"Thando";5;"Nedbank2\ad14d19b.pdf";43;"OcrProcessed";43;15;"Nedbank Current Account Statement"
"Samples";1;"Thando";5;"Nedbank2\ad14d19b.pdf";43;"OcrProcessed";43;16;"Nedbank Current Account Statement"
"Samples";1;"Thando";5;"Nedbank2\ad14d19b.pdf";43;"OcrProcessed";43;17;"Nedbank Current Account Statement"
"Samples";1;"Thando";5;"Nedbank2\ad14d19b.pdf";43;"OcrProcessed";43;18;"Nedbank Current Account Statement"
"Samples";1;"Thando";5;"Nedbank2\ad14d19b.pdf";43;"OcrProcessed";43;19;"Nedbank Current Account Statement"
"Samples";1;"Thando";5;"Nedbank2\ad14d19b.pdf";43;"OcrProcessed";43;20;"Nedbank Current Account Statement"
"Samples";1;"Thando";5;"Nedbank2\ad14d19b.pdf";43;"OcrProcessed";43;21;"Nedbank Current Account Statement"
"Samples";1;"Thando";5;"Nedbank2\ad14d19b.pdf";43;"OcrProcessed";43;22;"Nedbank Current Account Statement"
"Samples";1;"Thando";5;"Nedbank2\ad14d19b.pdf";43;"OcrProcessed";43;23;"Nedbank Current Account Statement"
"Samples";1;"Thando";5;"Nedbank2\ad14d19b.pdf";43;"OcrProcessed";43;24;"Nedbank Current Account Statement"
"Samples";1;"Thando";5;"Nedbank2\ad14d19b.pdf";43;"OcrProcessed";43;25;"Nedbank Current Account Statement"
"Samples";1;"Thando";5;"Nedbank2\ad14d19b.pdf";43;"OcrProcessed";43;26;"Nedbank Current Account Statement"
"Samples";1;"Thando";5;"Nedbank2\ad14d19b.pdf";43;"OcrProcessed";43;27;"Nedbank Current Account Statement"
"Samples";1;"Thando";5;"Nedbank2\ad14d19b.pdf";43;"OcrProcessed";43;28;"Nedbank Current Account Statement"
"Samples";1;"Thando";5;"Nedbank2\ad14d19b.pdf";43;"OcrProcessed";43;29;"Nedbank Current Account Statement"
"Samples";1;"Thando";5;"Nedbank2\ad14d19b.pdf";43;"OcrProcessed";43;30;"Nedbank Current Account Statement"
"Samples";1;"Thando";5;"Nedbank2\ad14d19b.pdf";43;"OcrProcessed";43;31;"Nedbank Current Account Statement"
"Samples";1;"Thando";5;"Nedbank2\ad14d19b.pdf";43;"OcrProcessed";43;32;"Nedbank Current Account Statement"
"Samples";1;"Thando";5;"Nedbank2\ad14d19b.pdf";43;"OcrProcessed";43;33;"Nedbank Current Account Statement"
"Samples";1;"Thando";5;"Nedbank2\ad14d19b.pdf";43;"OcrProcessed";43;34;"Nedbank Current Account Statement"
"Samples";1;"Thando";5;"Nedbank2\ad14d19b.pdf";43;"OcrProcessed";43;35;"Nedbank Current Account Statement"
"Samples";1;"Thando";5;"Nedbank2\ad14d19b.pdf";43;"OcrProcessed";43;36;"Nedbank Current Account Statement"
"Samples";1;"Thando";5;"Nedbank2\ad14d19b.pdf";43;"OcrProcessed";43;37;"Nedbank Current Account Statement"
"Samples";1;"Thando";5;"Nedbank2\ad14d19b.pdf";43;"OcrProcessed";43;38;"Nedbank Current Account Statement"
"Samples";1;"Thando";5;"Nedbank2\ad14d19b.pdf";43;"OcrProcessed";43;39;"Nedbank Current Account Statement"
"Samples";1;"Thando";5;"Nedbank2\ad14d19b.pdf";43;"OcrProcessed";43;40;"Nedbank Current Account Statement"
"Samples";1;"Thando";5;"Nedbank2\ad14d19b.pdf";43;"OcrProcessed";43;41;"Nedbank Current Account Statement"
"Samples";1;"Thando";5;"Nedbank2\ad14d19b.pdf";43;"OcrProcessed";43;42;"Nedbank Current Account Statement"
"Samples";3;"Shadrack";0;"Consent\Consent.pdf";1;"Consent";1;0;"Consent"
"Samples";3;"Shadrack";1;"Nedbank1\2021.pdf";5;"OcrProcessed";5;0;"Nedbank Current Account Statement"
"Samples";3;"Shadrack";1;"Nedbank1\2021.pdf";5;"OcrProcessed";5;1;"Nedbank Current Account Statement"
"Samples";3;"Shadrack";1;"Nedbank1\2021.pdf";5;"OcrProcessed";5;2;"Nedbank Current Account Statement"
"Samples";3;"Shadrack";1;"Nedbank1\2021.pdf";5;"OcrProcessed";5;3;"Nedbank Current Account Statement"
"Samples";3;"Shadrack";1;"Nedbank1\2021.pdf";5;"OcrProcessed";5;4;"Nedbank Current Account Statement"
"Samples";4;"Thebang";0;"Consent\Consent.pdf";1;"Consent";1;0;"Consent"
"Samples";5;"Peter";0;"Absa01\39581a75.pdf";2;"OcrProcessed";2;0;"Absa Current Account Statement"
"Samples";5;"Peter";0;"Absa01\39581a75.pdf";2;"OcrProcessed";2;1;"Absa Current Account Statement"
"Samples";5;"Peter";1;"Absa02\b70c880a.pdf";4;"OcrProcessed";3;0;"Absa Current Account Statement"
"Samples";5;"Peter";1;"Absa02\b70c880a.pdf";4;"OcrProcessed";3;1;"Absa Current Account Statement"
"Samples";5;"Peter";1;"Absa02\b70c880a.pdf";4;"OcrProcessed";3;2;"Absa Current Account Statement"
"Samples";5;"Peter";1;"Absa02\b70c880a.pdf";4;"OcrProcessed";3;3;""
"Samples";5;"Peter";2;"Absa03\ab26470f.pdf";2;"OcrProcessed";2;0;"Absa Current Account Statement"
"Samples";5;"Peter";2;"Absa03\ab26470f.pdf";2;"OcrProcessed";2;1;"Absa Current Account Statement"
"Samples";5;"Peter";3;"Absa04\92d1d25e.pdf";4;"OcrProcessed";3;0;"Absa Current Account Statement"
"Samples";5;"Peter";3;"Absa04\92d1d25e.pdf";4;"OcrProcessed";3;1;"Absa Current Account Statement"
"Samples";5;"Peter";3;"Absa04\92d1d25e.pdf";4;"OcrProcessed";3;2;"Absa Current Account Statement"
"Samples";5;"Peter";3;"Absa04\92d1d25e.pdf";4;"OcrProcessed";3;3;""
"Samples";5;"Peter";4;"Absa05\74cb1b1e.pdf";4;"OcrProcessed";3;0;"Absa Current Account Statement"
"Samples";5;"Peter";4;"Absa05\74cb1b1e.pdf";4;"OcrProcessed";3;1;"Absa Current Account Statement"
"Samples";5;"Peter";4;"Absa05\74cb1b1e.pdf";4;"OcrProcessed";3;2;"Absa Current Account Statement"
"Samples";5;"Peter";4;"Absa05\74cb1b1e.pdf";4;"OcrProcessed";3;3;""
"Samples";5;"Peter";5;"Absa06\d1a13395.pdf";4;"OcrProcessed";3;0;"Absa Current Account Statement"
"Samples";5;"Peter";5;"Absa06\d1a13395.pdf";4;"OcrProcessed";3;1;"Absa Current Account Statement"
"Samples";5;"Peter";5;"Absa06\d1a13395.pdf";4;"OcrProcessed";3;2;"Absa Current Account Statement"
"Samples";5;"Peter";5;"Absa06\d1a13395.pdf";4;"OcrProcessed";3;3;""
"Samples";5;"Peter";6;"Absa07\e772c55a.pdf";4;"OcrProcessed";3;0;"Absa Current Account Statement"
"Samples";5;"Peter";6;"Absa07\e772c55a.pdf";4;"OcrProcessed";3;1;"Absa Current Account Statement"
"Samples";5;"Peter";6;"Absa07\e772c55a.pdf";4;"OcrProcessed";3;2;"Absa Current Account Statement"
"Samples";5;"Peter";6;"Absa07\e772c55a.pdf";4;"OcrProcessed";3;3;""
"Samples";5;"Peter";7;"Absa08\f363b39f.pdf";4;"OcrProcessed";3;0;"Absa Current Account Statement"
"Samples";5;"Peter";7;"Absa08\f363b39f.pdf";4;"OcrProcessed";3;1;"Absa Current Account Statement"
"Samples";5;"Peter";7;"Absa08\f363b39f.pdf";4;"OcrProcessed";3;2;"Absa Current Account Statement"
"Samples";5;"Peter";7;"Absa08\f363b39f.pdf";4;"OcrProcessed";3;3;""
"Samples";5;"Peter";8;"Absa09\9aba3e94.pdf";2;"OcrProcessed";2;0;"Absa Current Account Statement"
"Samples";5;"Peter";8;"Absa09\9aba3e94.pdf";2;"OcrProcessed";2;1;"Absa Current Account Statement"
"Samples";5;"Peter";9;"Absa10\ebe3a69d.pdf";2;"OcrProcessed";2;0;"Absa Current Account Statement"
"Samples";5;"Peter";9;"Absa10\ebe3a69d.pdf";2;"OcrProcessed";2;1;"Absa Current Account Statement"
"Samples";5;"Peter";10;"Absa11\35f4569f.pdf";4;"OcrProcessed";3;0;"Absa Current Account Statement"
"Samples";5;"Peter";10;"Absa11\35f4569f.pdf";4;"OcrProcessed";3;1;"Absa Current Account Statement"
"Samples";5;"Peter";10;"Absa11\35f4569f.pdf";4;"OcrProcessed";3;2;"Absa Current Account Statement"
"Samples";5;"Peter";10;"Absa11\35f4569f.pdf";4;"OcrProcessed";3;3;""
"Samples";5;"Peter";11;"Absa12\89ba6757.pdf";2;"OcrProcessed";2;0;"Absa Current Account Statement"
"Samples";5;"Peter";11;"Absa12\89ba6757.pdf";2;"OcrProcessed";2;1;"Absa Current Account Statement"
"Samples";5;"Peter";12;"Consent\Consent.pdf";1;"Consent";1;0;"Consent"
"Samples";6;"Botes";0;"Absa01\1762450c.pdf";0;"Exception";0
"Samples";6;"Botes";1;"Absa02\c0cf4751.pdf";6;"OcrProcessed";5;0;"Absa Current Account Statement"
"Samples";6;"Botes";1;"Absa02\c0cf4751.pdf";6;"OcrProcessed";5;1;"Absa Current Account Statement"
"Samples";6;"Botes";1;"Absa02\c0cf4751.pdf";6;"OcrProcessed";5;2;"Absa Current Account Statement"
"Samples";6;"Botes";1;"Absa02\c0cf4751.pdf";6;"OcrProcessed";5;3;"Absa Current Account Statement"
"Samples";6;"Botes";1;"Absa02\c0cf4751.pdf";6;"OcrProcessed";5;4;"Absa Current Account Statement"
"Samples";6;"Botes";1;"Absa02\c0cf4751.pdf";6;"OcrProcessed";5;5;""
"Samples";6;"Botes";2;"Absa03\2ef63b94.pdf";0;"OcrProcessed";0
"Samples";6;"Botes";3;"Capitec01\7f4eeeba.pdf";8;"OcrProcessed";8;0;"Capitec Statement"
"Samples";6;"Botes";3;"Capitec01\7f4eeeba.pdf";8;"OcrProcessed";8;1;"Capitec Statement"
"Samples";6;"Botes";3;"Capitec01\7f4eeeba.pdf";8;"OcrProcessed";8;2;"Capitec Statement"
"Samples";6;"Botes";3;"Capitec01\7f4eeeba.pdf";8;"OcrProcessed";8;3;"Capitec Statement"
"Samples";6;"Botes";3;"Capitec01\7f4eeeba.pdf";8;"OcrProcessed";8;4;"Capitec Statement"
"Samples";6;"Botes";3;"Capitec01\7f4eeeba.pdf";8;"OcrProcessed";8;5;"Capitec Statement"
"Samples";6;"Botes";3;"Capitec01\7f4eeeba.pdf";8;"OcrProcessed";8;6;"Capitec Statement"
"Samples";6;"Botes";3;"Capitec01\7f4eeeba.pdf";8;"OcrProcessed";8;7;"Capitec Statement"
"Samples";7;"Princess";0;"Capitec06\74d5fe48.pdf";8;"OcrProcessed";8;0;"Capitec Statement"
"Samples";7;"Princess";0;"Capitec06\74d5fe48.pdf";8;"OcrProcessed";8;1;"Capitec Statement"
"Samples";7;"Princess";0;"Capitec06\74d5fe48.pdf";8;"OcrProcessed";8;2;"Capitec Statement"
"Samples";7;"Princess";0;"Capitec06\74d5fe48.pdf";8;"OcrProcessed";8;3;"Capitec Statement"
"Samples";7;"Princess";0;"Capitec06\74d5fe48.pdf";8;"OcrProcessed";8;4;"Capitec Statement"
"Samples";7;"Princess";0;"Capitec06\74d5fe48.pdf";8;"OcrProcessed";8;5;"Capitec Statement"
"Samples";7;"Princess";0;"Capitec06\74d5fe48.pdf";8;"OcrProcessed";8;6;"Capitec Statement"
"Samples";7;"Princess";0;"Capitec06\74d5fe48.pdf";8;"OcrProcessed";8;7;"Capitec Statement"
"Samples";7;"Princess";1;"Consent\00ae8165.pdf";1;"Consent";1;0;"Consent"
"Samples";7;"Princess";2;"Rental05\79f7a686.pdf";1;"OcrProcessed";0;0;""
"Samples";8;"Kalpesh";0;"Consent\Consent.pdf";1;"OcrProcessed";0;0;""
"Samples";9;"Jarryd";0;"233f947f.pdf";2;"OcrProcessed";0;0;""
"Samples";9;"Jarryd";0;"233f947f.pdf";2;"OcrProcessed";0;1;""
"Samples";9;"Jarryd";1;"24520557.pdf";1;"OcrProcessed";0;0;""
"Samples";9;"Jarryd";2;"2515e610.pdf";3;"OcrProcessed";0;0;""
"Samples";9;"Jarryd";2;"2515e610.pdf";3;"OcrProcessed";0;1;""
"Samples";9;"Jarryd";2;"2515e610.pdf";3;"OcrProcessed";0;2;""
"Samples";9;"Jarryd";3;"25d194df.pdf";3;"OcrProcessed";0;0;""
"Samples";9;"Jarryd";3;"25d194df.pdf";3;"OcrProcessed";0;1;""
"Samples";9;"Jarryd";3;"25d194df.pdf";3;"OcrProcessed";0;2;""
"Samples";9;"Jarryd";4;"2851dcc5.pdf";3;"OcrProcessed";0;0;""
"Samples";9;"Jarryd";4;"2851dcc5.pdf";3;"OcrProcessed";0;1;""
"Samples";9;"Jarryd";4;"2851dcc5.pdf";3;"OcrProcessed";0;2;""
"Samples";9;"Jarryd";5;"299b0bde.pdf";2;"OcrProcessed";0;0;""
"Samples";9;"Jarryd";5;"299b0bde.pdf";2;"OcrProcessed";0;1;""
"Samples";9;"Jarryd";6;"2a9fd470.pdf";1;"OcrProcessed";0;0;""
"Samples";9;"Jarryd";7;"2cd1ad7f.pdf";2;"OcrProcessed";0;0;""
"Samples";9;"Jarryd";7;"2cd1ad7f.pdf";2;"OcrProcessed";0;1;""
"Samples";9;"Jarryd";8;"3077a1c1.pdf";2;"OcrProcessed";0;0;""
"Samples";9;"Jarryd";8;"3077a1c1.pdf";2;"OcrProcessed";0;1;""
"Samples";9;"Jarryd";9;"3796b68b.pdf";3;"OcrProcessed";0;0;""
"Samples";9;"Jarryd";9;"3796b68b.pdf";3;"OcrProcessed";0;1;""
"Samples";9;"Jarryd";9;"3796b68b.pdf";3;"OcrProcessed";0;2;""
"Samples";9;"Jarryd";10;"41d3d039.pdf";3;"OcrProcessed";0;0;""
"Samples";9;"Jarryd";10;"41d3d039.pdf";3;"OcrProcessed";0;1;""
"Samples";9;"Jarryd";10;"41d3d039.pdf";3;"OcrProcessed";0;2;""
"Samples";9;"Jarryd";11;"43cab8fe.pdf";2;"OcrProcessed";0;0;""
"Samples";9;"Jarryd";11;"43cab8fe.pdf";2;"OcrProcessed";0;1;""
"Samples";9;"Jarryd";12;"4733cdd0.pdf";2;"OcrProcessed";0;0;""
"Samples";9;"Jarryd";12;"4733cdd0.pdf";2;"OcrProcessed";0;1;""
"Samples";9;"Jarryd";13;"4c1d8fef.pdf";2;"OcrProcessed";0;0;""
"Samples";9;"Jarryd";13;"4c1d8fef.pdf";2;"OcrProcessed";0;1;""
"Samples";9;"Jarryd";14;"4ead9c7e.pdf";2;"OcrProcessed";0;0;""
"Samples";9;"Jarryd";14;"4ead9c7e.pdf";2;"OcrProcessed";0;1;""
"Samples";9;"Jarryd";15;"4ffdc97d.pdf";3;"OcrProcessed";0;0;""
"Samples";9;"Jarryd";15;"4ffdc97d.pdf";3;"OcrProcessed";0;1;""
"Samples";9;"Jarryd";15;"4ffdc97d.pdf";3;"OcrProcessed";0;2;""
"Samples";9;"Jarryd";16;"55f8713d.pdf";3;"OcrProcessed";0;0;""
"Samples";9;"Jarryd";16;"55f8713d.pdf";3;"OcrProcessed";0;1;""
"Samples";9;"Jarryd";16;"55f8713d.pdf";3;"OcrProcessed";0;2;""
"Samples";9;"Jarryd";17;"59703da6.pdf";3;"OcrProcessed";0;0;""
"Samples";9;"Jarryd";17;"59703da6.pdf";3;"OcrProcessed";0;1;""
"Samples";9;"Jarryd";17;"59703da6.pdf";3;"OcrProcessed";0;2;""
"Samples";9;"Jarryd";18;"65cf75bd.pdf";2;"OcrProcessed";0;0;""
"Samples";9;"Jarryd";18;"65cf75bd.pdf";2;"OcrProcessed";0;1;""
"Samples";9;"Jarryd";19;"6759a873.pdf";2;"OcrProcessed";0;0;""
"Samples";9;"Jarryd";19;"6759a873.pdf";2;"OcrProcessed";0;1;""
"Samples";9;"Jarryd";20;"6fe335a2.pdf";1;"OcrProcessed";0;0;""
"Samples";9;"Jarryd";21;"74114321.pdf";4;"OcrProcessed";0;0;""
"Samples";9;"Jarryd";21;"74114321.pdf";4;"OcrProcessed";0;1;""
"Samples";9;"Jarryd";21;"74114321.pdf";4;"OcrProcessed";0;2;""
"Samples";9;"Jarryd";21;"74114321.pdf";4;"OcrProcessed";0;3;""
"Samples";9;"Jarryd";22;"7459353c.pdf";2;"OcrProcessed";0;0;""
"Samples";9;"Jarryd";22;"7459353c.pdf";2;"OcrProcessed";0;1;""
"Samples";9;"Jarryd";23;"751320da.pdf";2;"OcrProcessed";0;0;""
"Samples";9;"Jarryd";23;"751320da.pdf";2;"OcrProcessed";0;1;""
"Samples";9;"Jarryd";24;"782c94cc.pdf";1;"OcrProcessed";0;0;""
"Samples";9;"Jarryd";25;"7d3d25fa.pdf";1;"OcrProcessed";0;0;""
"Samples";9;"Jarryd";26;"7dadeb21.pdf";3;"OcrProcessed";0;0;""
"Samples";9;"Jarryd";26;"7dadeb21.pdf";3;"OcrProcessed";0;1;""
"Samples";9;"Jarryd";26;"7dadeb21.pdf";3;"OcrProcessed";0;2;""
"Samples";9;"Jarryd";27;"81119f61.pdf";2;"OcrProcessed";0;0;""
"Samples";9;"Jarryd";27;"81119f61.pdf";2;"OcrProcessed";0;1;""
"Samples";9;"Jarryd";28;"83bfb87a.pdf";2;"OcrProcessed";0;0;""
"Samples";9;"Jarryd";28;"83bfb87a.pdf";2;"OcrProcessed";0;1;""
"Samples";9;"Jarryd";29;"84d5861e.pdf";2;"OcrProcessed";0;0;""
"Samples";9;"Jarryd";29;"84d5861e.pdf";2;"OcrProcessed";0;1;""
"Samples";9;"Jarryd";30;"8576937b.pdf";2;"OcrProcessed";0;0;""
"Samples";9;"Jarryd";30;"8576937b.pdf";2;"OcrProcessed";0;1;""
"Samples";9;"Jarryd";31;"8aa4fd9a.pdf";3;"OcrProcessed";0;0;""
"Samples";9;"Jarryd";31;"8aa4fd9a.pdf";3;"OcrProcessed";0;1;""
"Samples";9;"Jarryd";31;"8aa4fd9a.pdf";3;"OcrProcessed";0;2;""
"Samples";9;"Jarryd";32;"8b09dddb.pdf";2;"OcrProcessed";0;0;""
"Samples";9;"Jarryd";32;"8b09dddb.pdf";2;"OcrProcessed";0;1;""
"Samples";9;"Jarryd";33;"92cade06.pdf";2;"OcrProcessed";0;0;""
"Samples";9;"Jarryd";33;"92cade06.pdf";2;"OcrProcessed";0;1;""
"Samples";9;"Jarryd";34;"983839af.pdf";3;"OcrProcessed";0;0;""
"Samples";9;"Jarryd";34;"983839af.pdf";3;"OcrProcessed";0;1;""
"Samples";9;"Jarryd";34;"983839af.pdf";3;"OcrProcessed";0;2;""
"Samples";9;"Jarryd";35;"9ebcd29b.pdf";2;"OcrProcessed";0;0;""
"Samples";9;"Jarryd";35;"9ebcd29b.pdf";2;"OcrProcessed";0;1;""
"Samples";9;"Jarryd";36;"ab7b5e7e.pdf";2;"OcrProcessed";0;0;""
"Samples";9;"Jarryd";36;"ab7b5e7e.pdf";2;"OcrProcessed";0;1;""
"Samples";9;"Jarryd";37;"ace9164a.pdf";4;"OcrProcessed";0;0;""
"Samples";9;"Jarryd";37;"ace9164a.pdf";4;"OcrProcessed";0;1;""
"Samples";9;"Jarryd";37;"ace9164a.pdf";4;"OcrProcessed";0;2;""
"Samples";9;"Jarryd";37;"ace9164a.pdf";4;"OcrProcessed";0;3;""
"Samples";9;"Jarryd";38;"af3294fc.pdf";1;"OcrProcessed";0;0;""
"Samples";9;"Jarryd";39;"b056dbe5.pdf";2;"OcrProcessed";0;0;""
"Samples";9;"Jarryd";39;"b056dbe5.pdf";2;"OcrProcessed";0;1;""
"Samples";9;"Jarryd";40;"b5068244.pdf";3;"OcrProcessed";0;0;""
"Samples";9;"Jarryd";40;"b5068244.pdf";3;"OcrProcessed";0;1;""
"Samples";9;"Jarryd";40;"b5068244.pdf";3;"OcrProcessed";0;2;""
"Samples";9;"Jarryd";41;"b63c1ef7.pdf";2;"OcrProcessed";0;0;""
"Samples";9;"Jarryd";41;"b63c1ef7.pdf";2;"OcrProcessed";0;1;""
"Samples";9;"Jarryd";42;"b8f1850a.pdf";2;"OcrProcessed";0;0;""
"Samples";9;"Jarryd";42;"b8f1850a.pdf";2;"OcrProcessed";0;1;""
"Samples";9;"Jarryd";43;"c7ffba5d.pdf";2;"OcrProcessed";0;0;""
"Samples";9;"Jarryd";43;"c7ffba5d.pdf";2;"OcrProcessed";0;1;""
"Samples";9;"Jarryd";44;"c84c87fc.pdf";2;"OcrProcessed";0;0;""
"Samples";9;"Jarryd";44;"c84c87fc.pdf";2;"OcrProcessed";0;1;""
"Samples";9;"Jarryd";45;"d217424f.pdf";2;"OcrProcessed";0;0;""
"Samples";9;"Jarryd";45;"d217424f.pdf";2;"OcrProcessed";0;1;""
"Samples";9;"Jarryd";46;"d6a5ec9a.pdf";2;"OcrProcessed";0;0;""
"Samples";9;"Jarryd";46;"d6a5ec9a.pdf";2;"OcrProcessed";0;1;""
"Samples";9;"Jarryd";47;"dbd1b031.pdf";2;"OcrProcessed";0;0;""
"Samples";9;"Jarryd";47;"dbd1b031.pdf";2;"OcrProcessed";0;1;""
"Samples";9;"Jarryd";48;"dd305c10.pdf";2;"OcrProcessed";0;0;""
"Samples";9;"Jarryd";48;"dd305c10.pdf";2;"OcrProcessed";0;1;""
"Samples";9;"Jarryd";49;"de575b47.pdf";3;"OcrProcessed";0;0;""
"Samples";9;"Jarryd";49;"de575b47.pdf";3;"OcrProcessed";0;1;""
"Samples";9;"Jarryd";49;"de575b47.pdf";3;"OcrProcessed";0;2;""
"Samples";9;"Jarryd";50;"df62cedd.pdf";2;"OcrProcessed";0;0;""
"Samples";9;"Jarryd";50;"df62cedd.pdf";2;"OcrProcessed";0;1;""
"Samples";9;"Jarryd";51;"e6ca495c.pdf";3;"OcrProcessed";0;0;""
"Samples";9;"Jarryd";51;"e6ca495c.pdf";3;"OcrProcessed";0;1;""
"Samples";9;"Jarryd";51;"e6ca495c.pdf";3;"OcrProcessed";0;2;""
"Samples";9;"Jarryd";52;"e718fa2b.pdf";2;"OcrProcessed";0;0;""
"Samples";9;"Jarryd";52;"e718fa2b.pdf";2;"OcrProcessed";0;1;""
"Samples";9;"Jarryd";53;"e8724af4.pdf";2;"OcrProcessed";0;0;""
"Samples";9;"Jarryd";53;"e8724af4.pdf";2;"OcrProcessed";0;1;""
"Samples";9;"Jarryd";54;"f3e6b6ea.pdf";2;"OcrProcessed";0;0;""
"Samples";9;"Jarryd";54;"f3e6b6ea.pdf";2;"OcrProcessed";0;1;""
"Samples";9;"Jarryd";55;"f6dced1a.pdf";2;"OcrProcessed";0;0;""
"Samples";9;"Jarryd";55;"f6dced1a.pdf";2;"OcrProcessed";0;1;""
"Samples";9;"Jarryd";56;"fa17a004.pdf";3;"OcrProcessed";0;0;""
"Samples";9;"Jarryd";56;"fa17a004.pdf";3;"OcrProcessed";0;1;""
"Samples";9;"Jarryd";56;"fa17a004.pdf";3;"OcrProcessed";0;2;""
"Samples";9;"Jarryd";57;"fe526b5d.pdf";2;"OcrProcessed";0;0;""
"Samples";9;"Jarryd";57;"fe526b5d.pdf";2;"OcrProcessed";0;1;""
"Samples";9;"Jarryd";58;"Consent\0a2696b0.pdf";1;"Consent";1;0;"Consent"
"Samples";9;"Jarryd";59;"FnbCredit03\2110b9d4.pdf";3;"OcrProcessed";0;0;""
"Samples";9;"Jarryd";59;"FnbCredit03\2110b9d4.pdf";3;"OcrProcessed";0;1;""
"Samples";9;"Jarryd";59;"FnbCredit03\2110b9d4.pdf";3;"OcrProcessed";0;2;""
"Samples";9;"Jarryd";60;"FnbCredit04\15f276ea.pdf";2;"OcrProcessed";0;0;""
"Samples";9;"Jarryd";60;"FnbCredit04\15f276ea.pdf";2;"OcrProcessed";0;1;""
"Samples";9;"Jarryd";61;"FnbCredit11\0f0b5b9e.pdf";2;"OcrProcessed";0;0;""
"Samples";9;"Jarryd";61;"FnbCredit11\0f0b5b9e.pdf";2;"OcrProcessed";0;1;""
"Samples";9;"Jarryd";62;"FnbEasy06\107e4812.pdf";2;"OcrProcessed";0;0;""
"Samples";9;"Jarryd";62;"FnbEasy06\107e4812.pdf";2;"OcrProcessed";0;1;""
"Samples";9;"Jarryd";63;"FnbEasy11\17ff81f7.pdf";2;"OcrProcessed";0;0;""
"Samples";9;"Jarryd";63;"FnbEasy11\17ff81f7.pdf";2;"OcrProcessed";0;1;""
"Samples";9;"Jarryd";64;"FnbHome11\20a805c3.pdf";2;"OcrProcessed";0;0;""
"Samples";9;"Jarryd";64;"FnbHome11\20a805c3.pdf";2;"OcrProcessed";0;1;""
"Samples";9;"Jarryd";65;"Toyata\16110820.pdf";2;"OcrProcessed";0;0;""
"Samples";9;"Jarryd";65;"Toyata\16110820.pdf";2;"OcrProcessed";0;1;""
"Samples";9;"Jarryd";66;"Toyata\1e42fa44.pdf";2;"OcrProcessed";0;0;""
"Samples";9;"Jarryd";66;"Toyata\1e42fa44.pdf";2;"OcrProcessed";0;1;""
"Samples";9;"Jarryd";67;"Toyata01\0e7c1253.pdf";2;"OcrProcessed";0;0;""
"Samples";9;"Jarryd";67;"Toyata01\0e7c1253.pdf";2;"OcrProcessed";0;1;""
"Samples";10;"Naidoo";0;"Consent\0baaf068.pdf";1;"Consent";1;0;"Consent"
"Samples";10;"Naidoo";1;"Other\03ad86d8.pdf";4;"OcrProcessed";4;0;"Standard Bank Statement"
"Samples";10;"Naidoo";1;"Other\03ad86d8.pdf";4;"OcrProcessed";4;1;"Standard Bank Statement"
"Samples";10;"Naidoo";1;"Other\03ad86d8.pdf";4;"OcrProcessed";4;2;"Standard Bank Statement"
"Samples";10;"Naidoo";1;"Other\03ad86d8.pdf";4;"OcrProcessed";4;3;"Standard Bank Statement"
"Samples";10;"Naidoo";2;"Other\1ca022fc.pdf";5;"OcrProcessed";5;0;"Standard Bank Statement"
"Samples";10;"Naidoo";2;"Other\1ca022fc.pdf";5;"OcrProcessed";5;1;"Standard Bank Statement"
"Samples";10;"Naidoo";2;"Other\1ca022fc.pdf";5;"OcrProcessed";5;2;"Standard Bank Statement"
"Samples";10;"Naidoo";2;"Other\1ca022fc.pdf";5;"OcrProcessed";5;3;"Standard Bank Statement"
"Samples";10;"Naidoo";2;"Other\1ca022fc.pdf";5;"OcrProcessed";5;4;"Standard Bank Statement"
"Samples";10;"Naidoo";3;"Other\1fdbcd9d.pdf";4;"OcrProcessed";4;0;"Standard Bank Statement"
"Samples";10;"Naidoo";3;"Other\1fdbcd9d.pdf";4;"OcrProcessed";4;1;"Standard Bank Statement"
"Samples";10;"Naidoo";3;"Other\1fdbcd9d.pdf";4;"OcrProcessed";4;2;"Standard Bank Statement"
"Samples";10;"Naidoo";3;"Other\1fdbcd9d.pdf";4;"OcrProcessed";4;3;"Standard Bank Statement"
"Samples";10;"Naidoo";4;"Other\351e7c45.pdf";4;"OcrProcessed";4;0;"Standard Bank Statement"
"Samples";10;"Naidoo";4;"Other\351e7c45.pdf";4;"OcrProcessed";4;1;"Standard Bank Statement"
"Samples";10;"Naidoo";4;"Other\351e7c45.pdf";4;"OcrProcessed";4;2;"Standard Bank Statement"
"Samples";10;"Naidoo";4;"Other\351e7c45.pdf";4;"OcrProcessed";4;3;"Standard Bank Statement"
"Samples";10;"Naidoo";5;"Other\378c9942.pdf";4;"OcrProcessed";4;0;"Standard Bank Statement"
"Samples";10;"Naidoo";5;"Other\378c9942.pdf";4;"OcrProcessed";4;1;"Standard Bank Statement"
"Samples";10;"Naidoo";5;"Other\378c9942.pdf";4;"OcrProcessed";4;2;"Standard Bank Statement"
"Samples";10;"Naidoo";5;"Other\378c9942.pdf";4;"OcrProcessed";4;3;"Standard Bank Statement"
"Samples";10;"Naidoo";6;"Other\480d108a.pdf";4;"OcrProcessed";4;0;"Standard Bank Statement"
"Samples";10;"Naidoo";6;"Other\480d108a.pdf";4;"OcrProcessed";4;1;"Standard Bank Statement"
"Samples";10;"Naidoo";6;"Other\480d108a.pdf";4;"OcrProcessed";4;2;"Standard Bank Statement"
"Samples";10;"Naidoo";6;"Other\480d108a.pdf";4;"OcrProcessed";4;3;"Standard Bank Statement"
"Samples";10;"Naidoo";7;"Other\5bb75538.pdf";4;"OcrProcessed";4;0;"Standard Bank Statement"
"Samples";10;"Naidoo";7;"Other\5bb75538.pdf";4;"OcrProcessed";4;1;"Standard Bank Statement"
"Samples";10;"Naidoo";7;"Other\5bb75538.pdf";4;"OcrProcessed";4;2;"Standard Bank Statement"
"Samples";10;"Naidoo";7;"Other\5bb75538.pdf";4;"OcrProcessed";4;3;"Standard Bank Statement"
"Samples";10;"Naidoo";8;"Other\5f21503f.pdf";4;"OcrProcessed";4;0;"Standard Bank Statement"
"Samples";10;"Naidoo";8;"Other\5f21503f.pdf";4;"OcrProcessed";4;1;"Standard Bank Statement"
"Samples";10;"Naidoo";8;"Other\5f21503f.pdf";4;"OcrProcessed";4;2;"Standard Bank Statement"
"Samples";10;"Naidoo";8;"Other\5f21503f.pdf";4;"OcrProcessed";4;3;"Standard Bank Statement"
"Samples";10;"Naidoo";9;"Other\6697040b.pdf";4;"OcrProcessed";4;0;"Standard Bank Statement"
"Samples";10;"Naidoo";9;"Other\6697040b.pdf";4;"OcrProcessed";4;1;"Standard Bank Statement"
"Samples";10;"Naidoo";9;"Other\6697040b.pdf";4;"OcrProcessed";4;2;"Standard Bank Statement"
"Samples";10;"Naidoo";9;"Other\6697040b.pdf";4;"OcrProcessed";4;3;"Standard Bank Statement"
"Samples";10;"Naidoo";10;"Other\747b4760.pdf";4;"OcrProcessed";4;0;"Standard Bank Statement"
"Samples";10;"Naidoo";10;"Other\747b4760.pdf";4;"OcrProcessed";4;1;"Standard Bank Statement"
"Samples";10;"Naidoo";10;"Other\747b4760.pdf";4;"OcrProcessed";4;2;"Standard Bank Statement"
"Samples";10;"Naidoo";10;"Other\747b4760.pdf";4;"OcrProcessed";4;3;"Standard Bank Statement"
"Samples";10;"Naidoo";11;"Other\99622bbb.pdf";4;"OcrProcessed";4;0;"Standard Bank Statement"
"Samples";10;"Naidoo";11;"Other\99622bbb.pdf";4;"OcrProcessed";4;1;"Standard Bank Statement"
"Samples";10;"Naidoo";11;"Other\99622bbb.pdf";4;"OcrProcessed";4;2;"Standard Bank Statement"
"Samples";10;"Naidoo";11;"Other\99622bbb.pdf";4;"OcrProcessed";4;3;"Standard Bank Statement"
"Samples";10;"Naidoo";12;"Other\a4a48b5e.pdf";3;"OcrProcessed";3;0;"Standard Bank Statement"
"Samples";10;"Naidoo";12;"Other\a4a48b5e.pdf";3;"OcrProcessed";3;1;"Standard Bank Statement"
"Samples";10;"Naidoo";12;"Other\a4a48b5e.pdf";3;"OcrProcessed";3;2;"Standard Bank Statement"
"Samples";10;"Naidoo";13;"Other\af8c1fad.pdf";4;"OcrProcessed";4;0;"Standard Bank Statement"
"Samples";10;"Naidoo";13;"Other\af8c1fad.pdf";4;"OcrProcessed";4;1;"Standard Bank Statement"
"Samples";10;"Naidoo";13;"Other\af8c1fad.pdf";4;"OcrProcessed";4;2;"Standard Bank Statement"
"Samples";10;"Naidoo";13;"Other\af8c1fad.pdf";4;"OcrProcessed";4;3;"Standard Bank Statement"
"Samples";10;"Naidoo";14;"Other\b824df79.pdf";4;"OcrProcessed";4;0;"Standard Bank Statement"
"Samples";10;"Naidoo";14;"Other\b824df79.pdf";4;"OcrProcessed";4;1;"Standard Bank Statement"
"Samples";10;"Naidoo";14;"Other\b824df79.pdf";4;"OcrProcessed";4;2;"Standard Bank Statement"
"Samples";10;"Naidoo";14;"Other\b824df79.pdf";4;"OcrProcessed";4;3;"Standard Bank Statement"
"Samples";10;"Naidoo";15;"Other\bd5b9a07.pdf";4;"OcrProcessed";4;0;"Standard Bank Statement"
"Samples";10;"Naidoo";15;"Other\bd5b9a07.pdf";4;"OcrProcessed";4;1;"Standard Bank Statement"
"Samples";10;"Naidoo";15;"Other\bd5b9a07.pdf";4;"OcrProcessed";4;2;"Standard Bank Statement"
"Samples";10;"Naidoo";15;"Other\bd5b9a07.pdf";4;"OcrProcessed";4;3;"Standard Bank Statement"
"Samples";10;"Naidoo";16;"Other\d60c2174.pdf";3;"OcrProcessed";3;0;"Standard Bank Statement"
"Samples";10;"Naidoo";16;"Other\d60c2174.pdf";3;"OcrProcessed";3;1;"Standard Bank Statement"
"Samples";10;"Naidoo";16;"Other\d60c2174.pdf";3;"OcrProcessed";3;2;"Standard Bank Statement"
"Samples";10;"Naidoo";17;"Other\dab9e150.pdf";4;"OcrProcessed";4;0;"Standard Bank Statement"
"Samples";10;"Naidoo";17;"Other\dab9e150.pdf";4;"OcrProcessed";4;1;"Standard Bank Statement"
"Samples";10;"Naidoo";17;"Other\dab9e150.pdf";4;"OcrProcessed";4;2;"Standard Bank Statement"
"Samples";10;"Naidoo";17;"Other\dab9e150.pdf";4;"OcrProcessed";4;3;"Standard Bank Statement"
"Samples";10;"Naidoo";18;"Other\e5d6f0d5.pdf";4;"OcrProcessed";4;0;"Standard Bank Statement"
"Samples";10;"Naidoo";18;"Other\e5d6f0d5.pdf";4;"OcrProcessed";4;1;"Standard Bank Statement"
"Samples";10;"Naidoo";18;"Other\e5d6f0d5.pdf";4;"OcrProcessed";4;2;"Standard Bank Statement"
"Samples";10;"Naidoo";18;"Other\e5d6f0d5.pdf";4;"OcrProcessed";4;3;"Standard Bank Statement"
"Samples";10;"Naidoo";19;"Other\e66eb9de.pdf";3;"OcrProcessed";3;0;"Standard Bank Statement"
"Samples";10;"Naidoo";19;"Other\e66eb9de.pdf";3;"OcrProcessed";3;1;"Standard Bank Statement"
"Samples";10;"Naidoo";19;"Other\e66eb9de.pdf";3;"OcrProcessed";3;2;"Standard Bank Statement"
"Samples";10;"Naidoo";20;"Other\eaa42262.pdf";3;"OcrProcessed";3;0;"Standard Bank Statement"
"Samples";10;"Naidoo";20;"Other\eaa42262.pdf";3;"OcrProcessed";3;1;"Standard Bank Statement"
"Samples";10;"Naidoo";20;"Other\eaa42262.pdf";3;"OcrProcessed";3;2;"Standard Bank Statement"
"Samples";10;"Naidoo";21;"Other\f0e00a23.pdf";4;"OcrProcessed";4;0;"Standard Bank Statement"
"Samples";10;"Naidoo";21;"Other\f0e00a23.pdf";4;"OcrProcessed";4;1;"Standard Bank Statement"
"Samples";10;"Naidoo";21;"Other\f0e00a23.pdf";4;"OcrProcessed";4;2;"Standard Bank Statement"
"Samples";10;"Naidoo";21;"Other\f0e00a23.pdf";4;"OcrProcessed";4;3;"Standard Bank Statement"
"Samples";10;"Naidoo";22;"Other\f7802e89.pdf";5;"OcrProcessed";5;0;"Standard Bank Statement"
"Samples";10;"Naidoo";22;"Other\f7802e89.pdf";5;"OcrProcessed";5;1;"Standard Bank Statement"
"Samples";10;"Naidoo";22;"Other\f7802e89.pdf";5;"OcrProcessed";5;2;"Standard Bank Statement"
"Samples";10;"Naidoo";22;"Other\f7802e89.pdf";5;"OcrProcessed";5;3;"Standard Bank Statement"
"Samples";10;"Naidoo";22;"Other\f7802e89.pdf";5;"OcrProcessed";5;4;"Standard Bank Statement"
"Samples";10;"Naidoo";23;"Other\fc886aba.pdf";4;"OcrProcessed";4;0;"Standard Bank Statement"
"Samples";10;"Naidoo";23;"Other\fc886aba.pdf";4;"OcrProcessed";4;1;"Standard Bank Statement"
"Samples";10;"Naidoo";23;"Other\fc886aba.pdf";4;"OcrProcessed";4;2;"Standard Bank Statement"
"Samples";10;"Naidoo";23;"Other\fc886aba.pdf";4;"OcrProcessed";4;3;"Standard Bank Statement"
"Samples";10;"Naidoo";24;"SB04\0081c407.pdf";4;"OcrProcessed";4;0;"Standard Bank Statement"
"Samples";10;"Naidoo";24;"SB04\0081c407.pdf";4;"OcrProcessed";4;1;"Standard Bank Statement"
"Samples";10;"Naidoo";24;"SB04\0081c407.pdf";4;"OcrProcessed";4;2;"Standard Bank Statement"
"Samples";10;"Naidoo";24;"SB04\0081c407.pdf";4;"OcrProcessed";4;3;"Standard Bank Statement"
"Samples";11;"Charnley";0;"Absa02\7623bbce.pdf";10;"OcrProcessed";10;0;"Absa Current Account Statement"
"Samples";11;"Charnley";0;"Absa02\7623bbce.pdf";10;"OcrProcessed";10;1;"Absa Current Account Statement"
"Samples";11;"Charnley";0;"Absa02\7623bbce.pdf";10;"OcrProcessed";10;2;"Absa Current Account Statement"
"Samples";11;"Charnley";0;"Absa02\7623bbce.pdf";10;"OcrProcessed";10;3;"Absa Current Account Statement"
"Samples";11;"Charnley";0;"Absa02\7623bbce.pdf";10;"OcrProcessed";10;4;"Absa Current Account Statement"
"Samples";11;"Charnley";0;"Absa02\7623bbce.pdf";10;"OcrProcessed";10;5;"Absa Current Account Statement"
"Samples";11;"Charnley";0;"Absa02\7623bbce.pdf";10;"OcrProcessed";10;6;"Absa Current Account Statement"
"Samples";11;"Charnley";0;"Absa02\7623bbce.pdf";10;"OcrProcessed";10;7;"Absa Current Account Statement"
"Samples";11;"Charnley";0;"Absa02\7623bbce.pdf";10;"OcrProcessed";10;8;"Absa Current Account Statement"
"Samples";11;"Charnley";0;"Absa02\7623bbce.pdf";10;"OcrProcessed";10;9;"Absa Current Account Statement"
"Samples";11;"Charnley";1;"Consent\00f47ad1.pdf";1;"Consent";1;0;"Consent"
"Samples";11;"Charnley";2;"Other\21c0c5e1.pdf";8;"OcrProcessed";7;0;"Absa Current Account Statement"
"Samples";11;"Charnley";2;"Other\21c0c5e1.pdf";8;"OcrProcessed";7;1;"Absa Current Account Statement"
"Samples";11;"Charnley";2;"Other\21c0c5e1.pdf";8;"OcrProcessed";7;2;"Absa Current Account Statement"
"Samples";11;"Charnley";2;"Other\21c0c5e1.pdf";8;"OcrProcessed";7;3;"Absa Current Account Statement"
"Samples";11;"Charnley";2;"Other\21c0c5e1.pdf";8;"OcrProcessed";7;4;"Absa Current Account Statement"
"Samples";11;"Charnley";2;"Other\21c0c5e1.pdf";8;"OcrProcessed";7;5;"Absa Current Account Statement"
"Samples";11;"Charnley";2;"Other\21c0c5e1.pdf";8;"OcrProcessed";7;6;"Absa Current Account Statement"
"Samples";11;"Charnley";2;"Other\21c0c5e1.pdf";8;"OcrProcessed";7;7;""
"Samples";11;"Charnley";3;"Other\36df4220.pdf";6;"OcrProcessed";5;0;"Absa Current Account Statement"
"Samples";11;"Charnley";3;"Other\36df4220.pdf";6;"OcrProcessed";5;1;"Absa Current Account Statement"
"Samples";11;"Charnley";3;"Other\36df4220.pdf";6;"OcrProcessed";5;2;"Absa Current Account Statement"
"Samples";11;"Charnley";3;"Other\36df4220.pdf";6;"OcrProcessed";5;3;"Absa Current Account Statement"
"Samples";11;"Charnley";3;"Other\36df4220.pdf";6;"OcrProcessed";5;4;"Absa Current Account Statement"
"Samples";11;"Charnley";3;"Other\36df4220.pdf";6;"OcrProcessed";5;5;""
"Samples";11;"Charnley";4;"Other\442bce89.pdf";6;"OcrProcessed";6;0;"Absa Current Account Statement"
"Samples";11;"Charnley";4;"Other\442bce89.pdf";6;"OcrProcessed";6;1;"Absa Current Account Statement"
"Samples";11;"Charnley";4;"Other\442bce89.pdf";6;"OcrProcessed";6;2;"Absa Current Account Statement"
"Samples";11;"Charnley";4;"Other\442bce89.pdf";6;"OcrProcessed";6;3;"Absa Current Account Statement"
"Samples";11;"Charnley";4;"Other\442bce89.pdf";6;"OcrProcessed";6;4;"Absa Current Account Statement"
"Samples";11;"Charnley";4;"Other\442bce89.pdf";6;"OcrProcessed";6;5;"Absa Current Account Statement"
"Samples";11;"Charnley";5;"Other\56ade75c.pdf";8;"OcrProcessed";7;0;"Absa Current Account Statement"
"Samples";11;"Charnley";5;"Other\56ade75c.pdf";8;"OcrProcessed";7;1;"Absa Current Account Statement"
"Samples";11;"Charnley";5;"Other\56ade75c.pdf";8;"OcrProcessed";7;2;"Absa Current Account Statement"
"Samples";11;"Charnley";5;"Other\56ade75c.pdf";8;"OcrProcessed";7;3;"Absa Current Account Statement"
"Samples";11;"Charnley";5;"Other\56ade75c.pdf";8;"OcrProcessed";7;4;"Absa Current Account Statement"
"Samples";11;"Charnley";5;"Other\56ade75c.pdf";8;"OcrProcessed";7;5;"Absa Current Account Statement"
"Samples";11;"Charnley";5;"Other\56ade75c.pdf";8;"OcrProcessed";7;6;"Absa Current Account Statement"
"Samples";11;"Charnley";5;"Other\56ade75c.pdf";8;"OcrProcessed";7;7;""
"Samples";11;"Charnley";6;"Other\6ec63298.pdf";8;"OcrProcessed";8;0;"Absa Current Account Statement"
"Samples";11;"Charnley";6;"Other\6ec63298.pdf";8;"OcrProcessed";8;1;"Absa Current Account Statement"
"Samples";11;"Charnley";6;"Other\6ec63298.pdf";8;"OcrProcessed";8;2;"Absa Current Account Statement"
"Samples";11;"Charnley";6;"Other\6ec63298.pdf";8;"OcrProcessed";8;3;"Absa Current Account Statement"
"Samples";11;"Charnley";6;"Other\6ec63298.pdf";8;"OcrProcessed";8;4;"Absa Current Account Statement"
"Samples";11;"Charnley";6;"Other\6ec63298.pdf";8;"OcrProcessed";8;5;"Absa Current Account Statement"
"Samples";11;"Charnley";6;"Other\6ec63298.pdf";8;"OcrProcessed";8;6;"Absa Current Account Statement"
"Samples";11;"Charnley";6;"Other\6ec63298.pdf";8;"OcrProcessed";8;7;"Absa Current Account Statement"
"Samples";11;"Charnley";7;"Other\725b700a.pdf";4;"OcrProcessed";4;0;"Absa Current Account Statement"
"Samples";11;"Charnley";7;"Other\725b700a.pdf";4;"OcrProcessed";4;1;"Absa Current Account Statement"
"Samples";11;"Charnley";7;"Other\725b700a.pdf";4;"OcrProcessed";4;2;"Absa Current Account Statement"
"Samples";11;"Charnley";7;"Other\725b700a.pdf";4;"OcrProcessed";4;3;"Absa Current Account Statement"
"Samples";11;"Charnley";8;"Other\a0785266.pdf";6;"OcrProcessed";6;0;"Absa Current Account Statement"
"Samples";11;"Charnley";8;"Other\a0785266.pdf";6;"OcrProcessed";6;1;"Absa Current Account Statement"
"Samples";11;"Charnley";8;"Other\a0785266.pdf";6;"OcrProcessed";6;2;"Absa Current Account Statement"
"Samples";11;"Charnley";8;"Other\a0785266.pdf";6;"OcrProcessed";6;3;"Absa Current Account Statement"
"Samples";11;"Charnley";8;"Other\a0785266.pdf";6;"OcrProcessed";6;4;"Absa Current Account Statement"
"Samples";11;"Charnley";8;"Other\a0785266.pdf";6;"OcrProcessed";6;5;"Absa Current Account Statement"
"Samples";11;"Charnley";9;"Other\b7591e78.pdf";2;"OcrProcessed";0;0;""
"Samples";11;"Charnley";9;"Other\b7591e78.pdf";2;"OcrProcessed";0;1;""
"Samples";11;"Charnley";10;"Other\baca9f66.pdf";8;"OcrProcessed";8;0;"Absa Current Account Statement"
"Samples";11;"Charnley";10;"Other\baca9f66.pdf";8;"OcrProcessed";8;1;"Absa Current Account Statement"
"Samples";11;"Charnley";10;"Other\baca9f66.pdf";8;"OcrProcessed";8;2;"Absa Current Account Statement"
"Samples";11;"Charnley";10;"Other\baca9f66.pdf";8;"OcrProcessed";8;3;"Absa Current Account Statement"
"Samples";11;"Charnley";10;"Other\baca9f66.pdf";8;"OcrProcessed";8;4;"Absa Current Account Statement"
"Samples";11;"Charnley";10;"Other\baca9f66.pdf";8;"OcrProcessed";8;5;"Absa Current Account Statement"
"Samples";11;"Charnley";10;"Other\baca9f66.pdf";8;"OcrProcessed";8;6;"Absa Current Account Statement"
"Samples";11;"Charnley";10;"Other\baca9f66.pdf";8;"OcrProcessed";8;7;"Absa Current Account Statement"
"Samples";11;"Charnley";11;"Other\d7b437d4.pdf";8;"OcrProcessed";7;0;"Absa Current Account Statement"
"Samples";11;"Charnley";11;"Other\d7b437d4.pdf";8;"OcrProcessed";7;1;"Absa Current Account Statement"
"Samples";11;"Charnley";11;"Other\d7b437d4.pdf";8;"OcrProcessed";7;2;"Absa Current Account Statement"
"Samples";11;"Charnley";11;"Other\d7b437d4.pdf";8;"OcrProcessed";7;3;"Absa Current Account Statement"
"Samples";11;"Charnley";11;"Other\d7b437d4.pdf";8;"OcrProcessed";7;4;"Absa Current Account Statement"
"Samples";11;"Charnley";11;"Other\d7b437d4.pdf";8;"OcrProcessed";7;5;"Absa Current Account Statement"
"Samples";11;"Charnley";11;"Other\d7b437d4.pdf";8;"OcrProcessed";7;6;"Absa Current Account Statement"
"Samples";11;"Charnley";11;"Other\d7b437d4.pdf";8;"OcrProcessed";7;7;""
"Samples";11;"Charnley";12;"Other\e15c422f.pdf";6;"OcrProcessed";5;0;"Absa Current Account Statement"
"Samples";11;"Charnley";12;"Other\e15c422f.pdf";6;"OcrProcessed";5;1;"Absa Current Account Statement"
"Samples";11;"Charnley";12;"Other\e15c422f.pdf";6;"OcrProcessed";5;2;"Absa Current Account Statement"
"Samples";11;"Charnley";12;"Other\e15c422f.pdf";6;"OcrProcessed";5;3;"Absa Current Account Statement"
"Samples";11;"Charnley";12;"Other\e15c422f.pdf";6;"OcrProcessed";5;4;"Absa Current Account Statement"
"Samples";11;"Charnley";12;"Other\e15c422f.pdf";6;"OcrProcessed";5;5;""
"Samples";11;"Charnley";13;"Other\fb91b136.pdf";8;"OcrProcessed";7;0;"Absa Current Account Statement"
"Samples";11;"Charnley";13;"Other\fb91b136.pdf";8;"OcrProcessed";7;1;"Absa Current Account Statement"
"Samples";11;"Charnley";13;"Other\fb91b136.pdf";8;"OcrProcessed";7;2;"Absa Current Account Statement"
"Samples";11;"Charnley";13;"Other\fb91b136.pdf";8;"OcrProcessed";7;3;"Absa Current Account Statement"
"Samples";11;"Charnley";13;"Other\fb91b136.pdf";8;"OcrProcessed";7;4;"Absa Current Account Statement"
"Samples";11;"Charnley";13;"Other\fb91b136.pdf";8;"OcrProcessed";7;5;"Absa Current Account Statement"
"Samples";11;"Charnley";13;"Other\fb91b136.pdf";8;"OcrProcessed";7;6;"Absa Current Account Statement"
"Samples";11;"Charnley";13;"Other\fb91b136.pdf";8;"OcrProcessed";7;7;""
"Samples";11;"Charnley";14;"Other\fd35dfed.pdf";8;"OcrProcessed";8;0;"Absa Current Account Statement"
"Samples";11;"Charnley";14;"Other\fd35dfed.pdf";8;"OcrProcessed";8;1;"Absa Current Account Statement"
"Samples";11;"Charnley";14;"Other\fd35dfed.pdf";8;"OcrProcessed";8;2;"Absa Current Account Statement"
"Samples";11;"Charnley";14;"Other\fd35dfed.pdf";8;"OcrProcessed";8;3;"Absa Current Account Statement"
"Samples";11;"Charnley";14;"Other\fd35dfed.pdf";8;"OcrProcessed";8;4;"Absa Current Account Statement"
"Samples";11;"Charnley";14;"Other\fd35dfed.pdf";8;"OcrProcessed";8;5;"Absa Current Account Statement"
"Samples";11;"Charnley";14;"Other\fd35dfed.pdf";8;"OcrProcessed";8;6;"Absa Current Account Statement"
"Samples";11;"Charnley";14;"Other\fd35dfed.pdf";8;"OcrProcessed";8;7;"Absa Current Account Statement"
"Samples";12;"Chonela";0;"2afaf3cb.pdf";8;"OcrProcessed";7;0;"Absa Current Account Statement"
"Samples";12;"Chonela";0;"2afaf3cb.pdf";8;"OcrProcessed";7;1;"Absa Current Account Statement"
"Samples";12;"Chonela";0;"2afaf3cb.pdf";8;"OcrProcessed";7;2;"Absa Current Account Statement"
"Samples";12;"Chonela";0;"2afaf3cb.pdf";8;"OcrProcessed";7;3;"Absa Current Account Statement"
"Samples";12;"Chonela";0;"2afaf3cb.pdf";8;"OcrProcessed";7;4;"Absa Current Account Statement"
"Samples";12;"Chonela";0;"2afaf3cb.pdf";8;"OcrProcessed";7;5;"Absa Current Account Statement"
"Samples";12;"Chonela";0;"2afaf3cb.pdf";8;"OcrProcessed";7;6;"Absa Current Account Statement"
"Samples";12;"Chonela";0;"2afaf3cb.pdf";8;"OcrProcessed";7;7;""
"Samples";12;"Chonela";1;"Absa01\1762450c.pdf";4;"OcrProcessed";4;0;"Absa Current Account Statement"
"Samples";12;"Chonela";1;"Absa01\1762450c.pdf";4;"OcrProcessed";4;1;"Absa Current Account Statement"
"Samples";12;"Chonela";1;"Absa01\1762450c.pdf";4;"OcrProcessed";4;2;"Absa Current Account Statement"
"Samples";12;"Chonela";1;"Absa01\1762450c.pdf";4;"OcrProcessed";4;3;"Absa Current Account Statement"
"Samples";12;"Chonela";2;"Consent\Consent.pdf";1;"Consent";1;0;"Consent"
"Samples";13;"Reddy";0;"AbsaCredit11\1544177a.pdf";3;"OcrProcessed";3;0;"Absa Current Account Statement"
"Samples";13;"Reddy";0;"AbsaCredit11\1544177a.pdf";3;"OcrProcessed";3;1;"Absa Current Account Statement"
"Samples";13;"Reddy";0;"AbsaCredit11\1544177a.pdf";3;"OcrProcessed";3;2;"Absa Current Account Statement"
"Samples";14;"Molapo";0;"Absa01\06af0545.pdf";6;"OcrProcessed";6;0;"Absa Current Account Statement"
"Samples";14;"Molapo";0;"Absa01\06af0545.pdf";6;"OcrProcessed";6;1;"Absa Current Account Statement"
"Samples";14;"Molapo";0;"Absa01\06af0545.pdf";6;"OcrProcessed";6;2;"Absa Current Account Statement"
"Samples";14;"Molapo";0;"Absa01\06af0545.pdf";6;"OcrProcessed";6;3;"Absa Current Account Statement"
"Samples";14;"Molapo";0;"Absa01\06af0545.pdf";6;"OcrProcessed";6;4;"Absa Current Account Statement"
"Samples";14;"Molapo";0;"Absa01\06af0545.pdf";6;"OcrProcessed";6;5;"Absa Current Account Statement"
"Samples";15;"Rama";0;"Absa01\059d8fa3.pdf";6;"OcrProcessed";5;0;"Absa Current Account Statement"
"Samples";15;"Rama";0;"Absa01\059d8fa3.pdf";6;"OcrProcessed";5;1;"Absa Current Account Statement"
"Samples";15;"Rama";0;"Absa01\059d8fa3.pdf";6;"OcrProcessed";5;2;"Absa Current Account Statement"
"Samples";15;"Rama";0;"Absa01\059d8fa3.pdf";6;"OcrProcessed";5;3;"Absa Current Account Statement"
"Samples";15;"Rama";0;"Absa01\059d8fa3.pdf";6;"OcrProcessed";5;4;"Absa Current Account Statement"
"Samples";15;"Rama";0;"Absa01\059d8fa3.pdf";6;"OcrProcessed";5;5;""
"Samples";16;"Sunderpaul";0;"21f61d00.pdf";4;"OcrProcessed";4;0;"Absa Current Account Statement"
"Samples";16;"Sunderpaul";0;"21f61d00.pdf";4;"OcrProcessed";4;1;"Absa Current Account Statement"
"Samples";16;"Sunderpaul";0;"21f61d00.pdf";4;"OcrProcessed";4;2;"Absa Current Account Statement"
"Samples";16;"Sunderpaul";0;"21f61d00.pdf";4;"OcrProcessed";4;3;"Absa Current Account Statement"
"Samples";16;"Sunderpaul";1;"46d29258.pdf";4;"OcrProcessed";4;0;"Absa Current Account Statement"
"Samples";16;"Sunderpaul";1;"46d29258.pdf";4;"OcrProcessed";4;1;"Absa Current Account Statement"
"Samples";16;"Sunderpaul";1;"46d29258.pdf";4;"OcrProcessed";4;2;"Absa Current Account Statement"
"Samples";16;"Sunderpaul";1;"46d29258.pdf";4;"OcrProcessed";4;3;"Absa Current Account Statement"
"Samples";16;"Sunderpaul";2;"4d400c3f.pdf";6;"OcrProcessed";5;0;"Absa Current Account Statement"
"Samples";16;"Sunderpaul";2;"4d400c3f.pdf";6;"OcrProcessed";5;1;"Absa Current Account Statement"
"Samples";16;"Sunderpaul";2;"4d400c3f.pdf";6;"OcrProcessed";5;2;"Absa Current Account Statement"
"Samples";16;"Sunderpaul";2;"4d400c3f.pdf";6;"OcrProcessed";5;3;"Absa Current Account Statement"
"Samples";16;"Sunderpaul";2;"4d400c3f.pdf";6;"OcrProcessed";5;4;"Absa Current Account Statement"
"Samples";16;"Sunderpaul";2;"4d400c3f.pdf";6;"OcrProcessed";5;5;""
"Samples";16;"Sunderpaul";3;"52cc578e.pdf";4;"OcrProcessed";4;0;"Absa Current Account Statement"
"Samples";16;"Sunderpaul";3;"52cc578e.pdf";4;"OcrProcessed";4;1;"Absa Current Account Statement"
"Samples";16;"Sunderpaul";3;"52cc578e.pdf";4;"OcrProcessed";4;2;"Absa Current Account Statement"
"Samples";16;"Sunderpaul";3;"52cc578e.pdf";4;"OcrProcessed";4;3;"Absa Current Account Statement"
"Samples";16;"Sunderpaul";4;"635ccc6d.pdf";4;"OcrProcessed";4;0;"Absa Current Account Statement"
"Samples";16;"Sunderpaul";4;"635ccc6d.pdf";4;"OcrProcessed";4;1;"Absa Current Account Statement"
"Samples";16;"Sunderpaul";4;"635ccc6d.pdf";4;"OcrProcessed";4;2;"Absa Current Account Statement"
"Samples";16;"Sunderpaul";4;"635ccc6d.pdf";4;"OcrProcessed";4;3;"Absa Current Account Statement"
"Samples";16;"Sunderpaul";5;"7cec8a43.pdf";6;"OcrProcessed";6;0;"Absa Current Account Statement"
"Samples";16;"Sunderpaul";5;"7cec8a43.pdf";6;"OcrProcessed";6;1;"Absa Current Account Statement"
"Samples";16;"Sunderpaul";5;"7cec8a43.pdf";6;"OcrProcessed";6;2;"Absa Current Account Statement"
"Samples";16;"Sunderpaul";5;"7cec8a43.pdf";6;"OcrProcessed";6;3;"Absa Current Account Statement"
"Samples";16;"Sunderpaul";5;"7cec8a43.pdf";6;"OcrProcessed";6;4;"Absa Current Account Statement"
"Samples";16;"Sunderpaul";5;"7cec8a43.pdf";6;"OcrProcessed";6;5;"Absa Current Account Statement"
"Samples";16;"Sunderpaul";6;"85821b18.pdf";6;"OcrProcessed";5;0;"Absa Current Account Statement"
"Samples";16;"Sunderpaul";6;"85821b18.pdf";6;"OcrProcessed";5;1;"Absa Current Account Statement"
"Samples";16;"Sunderpaul";6;"85821b18.pdf";6;"OcrProcessed";5;2;"Absa Current Account Statement"
"Samples";16;"Sunderpaul";6;"85821b18.pdf";6;"OcrProcessed";5;3;"Absa Current Account Statement"
"Samples";16;"Sunderpaul";6;"85821b18.pdf";6;"OcrProcessed";5;4;"Absa Current Account Statement"
"Samples";16;"Sunderpaul";6;"85821b18.pdf";6;"OcrProcessed";5;5;""
"Samples";16;"Sunderpaul";7;"9ace3f45.pdf";6;"OcrProcessed";6;0;"Absa Current Account Statement"
"Samples";16;"Sunderpaul";7;"9ace3f45.pdf";6;"OcrProcessed";6;1;"Absa Current Account Statement"
"Samples";16;"Sunderpaul";7;"9ace3f45.pdf";6;"OcrProcessed";6;2;"Absa Current Account Statement"
"Samples";16;"Sunderpaul";7;"9ace3f45.pdf";6;"OcrProcessed";6;3;"Absa Current Account Statement"
"Samples";16;"Sunderpaul";7;"9ace3f45.pdf";6;"OcrProcessed";6;4;"Absa Current Account Statement"
"Samples";16;"Sunderpaul";7;"9ace3f45.pdf";6;"OcrProcessed";6;5;"Absa Current Account Statement"
"Samples";16;"Sunderpaul";8;"b627fac8.pdf";4;"OcrProcessed";4;0;"Absa Current Account Statement"
"Samples";16;"Sunderpaul";8;"b627fac8.pdf";4;"OcrProcessed";4;1;"Absa Current Account Statement"
"Samples";16;"Sunderpaul";8;"b627fac8.pdf";4;"OcrProcessed";4;2;"Absa Current Account Statement"
"Samples";16;"Sunderpaul";8;"b627fac8.pdf";4;"OcrProcessed";4;3;"Absa Current Account Statement"
"Samples";16;"Sunderpaul";9;"bbe666b9.pdf";4;"OcrProcessed";4;0;"Absa Current Account Statement"
"Samples";16;"Sunderpaul";9;"bbe666b9.pdf";4;"OcrProcessed";4;1;"Absa Current Account Statement"
"Samples";16;"Sunderpaul";9;"bbe666b9.pdf";4;"OcrProcessed";4;2;"Absa Current Account Statement"
"Samples";16;"Sunderpaul";9;"bbe666b9.pdf";4;"OcrProcessed";4;3;"Absa Current Account Statement"
"Samples";16;"Sunderpaul";10;"c5febd9c.pdf";4;"OcrProcessed";4;0;"Absa Current Account Statement"
"Samples";16;"Sunderpaul";10;"c5febd9c.pdf";4;"OcrProcessed";4;1;"Absa Current Account Statement"
"Samples";16;"Sunderpaul";10;"c5febd9c.pdf";4;"OcrProcessed";4;2;"Absa Current Account Statement"
"Samples";16;"Sunderpaul";10;"c5febd9c.pdf";4;"OcrProcessed";4;3;"Absa Current Account Statement"
"Samples";16;"Sunderpaul";11;"f917c2f7.pdf";4;"OcrProcessed";4;0;"Absa Current Account Statement"
"Samples";16;"Sunderpaul";11;"f917c2f7.pdf";4;"OcrProcessed";4;1;"Absa Current Account Statement"
"Samples";16;"Sunderpaul";11;"f917c2f7.pdf";4;"OcrProcessed";4;2;"Absa Current Account Statement"
"Samples";16;"Sunderpaul";11;"f917c2f7.pdf";4;"OcrProcessed";4;3;"Absa Current Account Statement"
"Samples";16;"Sunderpaul";12;"Absa03\3decfe7e.pdf";6;"OcrProcessed";5;0;"Absa Current Account Statement"
"Samples";16;"Sunderpaul";12;"Absa03\3decfe7e.pdf";6;"OcrProcessed";5;1;"Absa Current Account Statement"
"Samples";16;"Sunderpaul";12;"Absa03\3decfe7e.pdf";6;"OcrProcessed";5;2;"Absa Current Account Statement"
"Samples";16;"Sunderpaul";12;"Absa03\3decfe7e.pdf";6;"OcrProcessed";5;3;"Absa Current Account Statement"
"Samples";16;"Sunderpaul";12;"Absa03\3decfe7e.pdf";6;"OcrProcessed";5;4;"Absa Current Account Statement"
"Samples";16;"Sunderpaul";12;"Absa03\3decfe7e.pdf";6;"OcrProcessed";5;5;""
"Samples";16;"Sunderpaul";13;"Absa05\15f03770.pdf";6;"OcrProcessed";5;0;"Absa Current Account Statement"
"Samples";16;"Sunderpaul";13;"Absa05\15f03770.pdf";6;"OcrProcessed";5;1;"Absa Current Account Statement"
"Samples";16;"Sunderpaul";13;"Absa05\15f03770.pdf";6;"OcrProcessed";5;2;"Absa Current Account Statement"
"Samples";16;"Sunderpaul";13;"Absa05\15f03770.pdf";6;"OcrProcessed";5;3;"Absa Current Account Statement"
"Samples";16;"Sunderpaul";13;"Absa05\15f03770.pdf";6;"OcrProcessed";5;4;"Absa Current Account Statement"
"Samples";16;"Sunderpaul";13;"Absa05\15f03770.pdf";6;"OcrProcessed";5;5;""
"Samples";16;"Sunderpaul";14;"Absa09\0f8c24f3.pdf";4;"OcrProcessed";4;0;"Absa Current Account Statement"
"Samples";16;"Sunderpaul";14;"Absa09\0f8c24f3.pdf";4;"OcrProcessed";4;1;"Absa Current Account Statement"
"Samples";16;"Sunderpaul";14;"Absa09\0f8c24f3.pdf";4;"OcrProcessed";4;2;"Absa Current Account Statement"
"Samples";16;"Sunderpaul";14;"Absa09\0f8c24f3.pdf";4;"OcrProcessed";4;3;"Absa Current Account Statement"
"Samples";16;"Sunderpaul";15;"Consent\0a0044de.pdf";1;"Consent";1;0;"Consent"
"Samples";17;"Magwaza";0;"Nedbank\June2022.pdf";4;"OcrProcessed";4;0;"Nedbank Current Account Statement"
"Samples";17;"Magwaza";0;"Nedbank\June2022.pdf";4;"OcrProcessed";4;1;"Nedbank Current Account Statement"
"Samples";17;"Magwaza";0;"Nedbank\June2022.pdf";4;"OcrProcessed";4;2;"Nedbank Current Account Statement"
"Samples";17;"Magwaza";0;"Nedbank\June2022.pdf";4;"OcrProcessed";4;3;"Nedbank Current Account Statement"
"Samples";17;"Magwaza";1;"0a87e05c.pdf";3;"OcrProcessed";3;0;"Nedbank Current Account Statement"
"Samples";17;"Magwaza";1;"0a87e05c.pdf";3;"OcrProcessed";3;1;"Nedbank Current Account Statement"
"Samples";17;"Magwaza";1;"0a87e05c.pdf";3;"OcrProcessed";3;2;"Nedbank Current Account Statement"
"Samples";17;"Magwaza";2;"0bf6ab76.pdf";4;"OcrProcessed";4;0;"Nedbank Current Account Statement"
"Samples";17;"Magwaza";2;"0bf6ab76.pdf";4;"OcrProcessed";4;1;"Nedbank Current Account Statement"
"Samples";17;"Magwaza";2;"0bf6ab76.pdf";4;"OcrProcessed";4;2;"Nedbank Current Account Statement"
"Samples";17;"Magwaza";2;"0bf6ab76.pdf";4;"OcrProcessed";4;3;"Nedbank Current Account Statement"
"Samples";17;"Magwaza";3;"1864a942.pdf";5;"OcrProcessed";5;0;"Nedbank Current Account Statement"
"Samples";17;"Magwaza";3;"1864a942.pdf";5;"OcrProcessed";5;1;"Nedbank Current Account Statement"
"Samples";17;"Magwaza";3;"1864a942.pdf";5;"OcrProcessed";5;2;"Nedbank Current Account Statement"
"Samples";17;"Magwaza";3;"1864a942.pdf";5;"OcrProcessed";5;3;"Nedbank Current Account Statement"
"Samples";17;"Magwaza";3;"1864a942.pdf";5;"OcrProcessed";5;4;"Nedbank Current Account Statement"
"Samples";17;"Magwaza";4;"3b71c85a.pdf";4;"OcrProcessed";4;0;"Nedbank Current Account Statement"
"Samples";17;"Magwaza";4;"3b71c85a.pdf";4;"OcrProcessed";4;1;"Nedbank Current Account Statement"
"Samples";17;"Magwaza";4;"3b71c85a.pdf";4;"OcrProcessed";4;2;"Nedbank Current Account Statement"
"Samples";17;"Magwaza";4;"3b71c85a.pdf";4;"OcrProcessed";4;3;"Nedbank Current Account Statement"
"Samples";17;"Magwaza";5;"5305d8af.pdf";5;"OcrProcessed";5;0;"Nedbank Current Account Statement"
"Samples";17;"Magwaza";5;"5305d8af.pdf";5;"OcrProcessed";5;1;"Nedbank Current Account Statement"
"Samples";17;"Magwaza";5;"5305d8af.pdf";5;"OcrProcessed";5;2;"Nedbank Current Account Statement"
"Samples";17;"Magwaza";5;"5305d8af.pdf";5;"OcrProcessed";5;3;"Nedbank Current Account Statement"
"Samples";17;"Magwaza";5;"5305d8af.pdf";5;"OcrProcessed";5;4;"Nedbank Current Account Statement"
"Samples";17;"Magwaza";6;"607797b2.pdf";4;"OcrProcessed";4;0;"Nedbank Current Account Statement"
"Samples";17;"Magwaza";6;"607797b2.pdf";4;"OcrProcessed";4;1;"Nedbank Current Account Statement"
"Samples";17;"Magwaza";6;"607797b2.pdf";4;"OcrProcessed";4;2;"Nedbank Current Account Statement"
"Samples";17;"Magwaza";6;"607797b2.pdf";4;"OcrProcessed";4;3;"Nedbank Current Account Statement"
"Samples";17;"Magwaza";7;"61f59a09.pdf";3;"OcrProcessed";3;0;"Nedbank Current Account Statement"
"Samples";17;"Magwaza";7;"61f59a09.pdf";3;"OcrProcessed";3;1;"Nedbank Current Account Statement"
"Samples";17;"Magwaza";7;"61f59a09.pdf";3;"OcrProcessed";3;2;"Nedbank Current Account Statement"
"Samples";17;"Magwaza";8;"71b9ebf5.pdf";4;"OcrProcessed";4;0;"Nedbank Current Account Statement"
"Samples";17;"Magwaza";8;"71b9ebf5.pdf";4;"OcrProcessed";4;1;"Nedbank Current Account Statement"
"Samples";17;"Magwaza";8;"71b9ebf5.pdf";4;"OcrProcessed";4;2;"Nedbank Current Account Statement"
"Samples";17;"Magwaza";8;"71b9ebf5.pdf";4;"OcrProcessed";4;3;"Nedbank Current Account Statement"
"Samples";17;"Magwaza";9;"76337df4.pdf";4;"OcrProcessed";4;0;"Nedbank Current Account Statement"
"Samples";17;"Magwaza";9;"76337df4.pdf";4;"OcrProcessed";4;1;"Nedbank Current Account Statement"
"Samples";17;"Magwaza";9;"76337df4.pdf";4;"OcrProcessed";4;2;"Nedbank Current Account Statement"
"Samples";17;"Magwaza";9;"76337df4.pdf";4;"OcrProcessed";4;3;"Nedbank Current Account Statement"
"Samples";17;"Magwaza";10;"7ee2170d.pdf";4;"OcrProcessed";4;0;"Nedbank Current Account Statement"
"Samples";17;"Magwaza";10;"7ee2170d.pdf";4;"OcrProcessed";4;1;"Nedbank Current Account Statement"
"Samples";17;"Magwaza";10;"7ee2170d.pdf";4;"OcrProcessed";4;2;"Nedbank Current Account Statement"
"Samples";17;"Magwaza";10;"7ee2170d.pdf";4;"OcrProcessed";4;3;"Nedbank Current Account Statement"
"Samples";17;"Magwaza";11;"8162385a.pdf";3;"OcrProcessed";3;0;"Nedbank Current Account Statement"
"Samples";17;"Magwaza";11;"8162385a.pdf";3;"OcrProcessed";3;1;"Nedbank Current Account Statement"
"Samples";17;"Magwaza";11;"8162385a.pdf";3;"OcrProcessed";3;2;"Nedbank Current Account Statement"
"Samples";17;"Magwaza";12;"84a2c82e.pdf";3;"OcrProcessed";3;0;"Nedbank Current Account Statement"
"Samples";17;"Magwaza";12;"84a2c82e.pdf";3;"OcrProcessed";3;1;"Nedbank Current Account Statement"
"Samples";17;"Magwaza";12;"84a2c82e.pdf";3;"OcrProcessed";3;2;"Nedbank Current Account Statement"
"Samples";17;"Magwaza";13;"978cf042.pdf";4;"OcrProcessed";4;0;"Nedbank Current Account Statement"
"Samples";17;"Magwaza";13;"978cf042.pdf";4;"OcrProcessed";4;1;"Nedbank Current Account Statement"
"Samples";17;"Magwaza";13;"978cf042.pdf";4;"OcrProcessed";4;2;"Nedbank Current Account Statement"
"Samples";17;"Magwaza";13;"978cf042.pdf";4;"OcrProcessed";4;3;"Nedbank Current Account Statement"
"Samples";17;"Magwaza";14;"97973d4b.pdf";4;"OcrProcessed";4;0;"Nedbank Current Account Statement"
"Samples";17;"Magwaza";14;"97973d4b.pdf";4;"OcrProcessed";4;1;"Nedbank Current Account Statement"
"Samples";17;"Magwaza";14;"97973d4b.pdf";4;"OcrProcessed";4;2;"Nedbank Current Account Statement"
"Samples";17;"Magwaza";14;"97973d4b.pdf";4;"OcrProcessed";4;3;"Nedbank Current Account Statement"
"Samples";17;"Magwaza";15;"a567a6e2.pdf";4;"OcrProcessed";4;0;"Nedbank Current Account Statement"
"Samples";17;"Magwaza";15;"a567a6e2.pdf";4;"OcrProcessed";4;1;"Nedbank Current Account Statement"
"Samples";17;"Magwaza";15;"a567a6e2.pdf";4;"OcrProcessed";4;2;"Nedbank Current Account Statement"
"Samples";17;"Magwaza";15;"a567a6e2.pdf";4;"OcrProcessed";4;3;"Nedbank Current Account Statement"
"Samples";17;"Magwaza";16;"b23b5060.pdf";1;"Consent";1;0;"Consent"
"Samples";17;"Magwaza";17;"b600df39.pdf";3;"OcrProcessed";3;0;"Nedbank Current Account Statement"
"Samples";17;"Magwaza";17;"b600df39.pdf";3;"OcrProcessed";3;1;"Nedbank Current Account Statement"
"Samples";17;"Magwaza";17;"b600df39.pdf";3;"OcrProcessed";3;2;"Nedbank Current Account Statement"
"Samples";17;"Magwaza";18;"c27924fc.pdf";4;"OcrProcessed";4;0;"Nedbank Current Account Statement"
"Samples";17;"Magwaza";18;"c27924fc.pdf";4;"OcrProcessed";4;1;"Nedbank Current Account Statement"
"Samples";17;"Magwaza";18;"c27924fc.pdf";4;"OcrProcessed";4;2;"Nedbank Current Account Statement"
"Samples";17;"Magwaza";18;"c27924fc.pdf";4;"OcrProcessed";4;3;"Nedbank Current Account Statement"
"Samples";17;"Magwaza";19;"c304b80a.pdf";3;"OcrProcessed";3;0;"Nedbank Current Account Statement"
"Samples";17;"Magwaza";19;"c304b80a.pdf";3;"OcrProcessed";3;1;"Nedbank Current Account Statement"
"Samples";17;"Magwaza";19;"c304b80a.pdf";3;"OcrProcessed";3;2;"Nedbank Current Account Statement"
"Samples";17;"Magwaza";20;"d7a6dfd5.pdf";4;"OcrProcessed";4;0;"Nedbank Current Account Statement"
"Samples";17;"Magwaza";20;"d7a6dfd5.pdf";4;"OcrProcessed";4;1;"Nedbank Current Account Statement"
"Samples";17;"Magwaza";20;"d7a6dfd5.pdf";4;"OcrProcessed";4;2;"Nedbank Current Account Statement"
"Samples";17;"Magwaza";20;"d7a6dfd5.pdf";4;"OcrProcessed";4;3;"Nedbank Current Account Statement"
"Samples";17;"Magwaza";21;"d89a5dad.pdf";3;"OcrProcessed";3;0;"Nedbank Current Account Statement"
"Samples";17;"Magwaza";21;"d89a5dad.pdf";3;"OcrProcessed";3;1;"Nedbank Current Account Statement"
"Samples";17;"Magwaza";21;"d89a5dad.pdf";3;"OcrProcessed";3;2;"Nedbank Current Account Statement"
"Samples";17;"Magwaza";22;"e214a17f.pdf";3;"OcrProcessed";3;0;"Nedbank Current Account Statement"
"Samples";17;"Magwaza";22;"e214a17f.pdf";3;"OcrProcessed";3;1;"Nedbank Current Account Statement"
"Samples";17;"Magwaza";22;"e214a17f.pdf";3;"OcrProcessed";3;2;"Nedbank Current Account Statement"
